USE electronics_shop;

-- Cleanup
SET FOREIGN_KEY_CHECKS=0;
TRUNCATE TABLE product_images;
TRUNCATE TABLE products;
TRUNCATE TABLE categories;
TRUNCATE TABLE users;
TRUNCATE TABLE addresses;
SET FOREIGN_KEY_CHECKS=1;

-- Users
INSERT INTO users (full_name, email, phone, password_hash, role, status) VALUES
('Admin Hệ Thống', 'admin@electroshop.com', '0901234567',
 '$2b$10$X8PaFcSZ5hdEBDzarAkXp.K5Ydz5edxh85hL2amGcDaXPXkMLEXK.', 'admin', 'active'),
('Nguyễn Văn An', 'an@example.com', '0912345678',
 '$2b$10$YnfDrc1yTTgFf.xoHRvnq.gfUprYgwHH0QnWJ4J6mYmfs2u2K3Wd2', 'customer', 'active'),
('Trần Thị Bình', 'binh@example.com', '0923456789',
 '$2b$10$YnfDrc1yTTgFf.xoHRvnq.gfUprYgwHH0QnWJ4J6mYmfs2u2K3Wd2', 'customer', 'active');

-- Addresses
INSERT INTO addresses (user_id, recipient_name, phone, province, district, ward, address_line, is_default) VALUES
(2, 'Nguyễn Văn An', '0912345678', 'TP. Hồ Chí Minh', 'Quận 1', 'Phường Bến Nghé', '123 Lê Lợi', 1),
(3, 'Trần Thị Bình', '0923456789', 'Hà Nội', 'Quận Cầu Giấy', 'Phường Dịch Vọng', '456 Cầu Giấy', 1);

-- Categories
INSERT INTO categories (id, name, slug, description, status, sort_order) VALUES
(1, 'Máy lạnh', 'may-lanh', 'Máy lạnh các loại', 'active', 1),
(2, 'Máy giặt', 'may-giat', 'Máy giặt cửa trước, cửa trên', 'active', 2),
(3, 'Tivi', 'tivi', 'Smart TV, Android TV', 'active', 3),
(4, 'Điện thoại', 'dien-thoai', 'Điện thoại thông minh', 'active', 4),
(5, 'Laptop', 'laptop', 'Laptop gaming, văn phòng', 'active', 5),
(6, 'Tablet', 'tablet', 'Máy tính bảng', 'active', 6),
(7, 'Tủ lạnh', 'tu-lanh', 'Tủ lạnh Inverter', 'active', 7),
(8, 'Nồi cơm điện', 'noi-com-dien', 'Nồi cơm điện tử', 'active', 8),
(9, 'Nồi chiên không dầu', 'noi-chien', 'Air fryer', 'active', 9),
(10, 'Bếp điện', 'bep-dien', 'Bếp từ, bếp hồng ngoại', 'active', 10);

-- Products
INSERT INTO products (id, category_id, name, slug, brand, sku, price, sale_price, stock_quantity, description, specifications, warranty_months, status) VALUES
(2, 1, 'Máy lạnh TCL Inverter TAC-13CSD/XAB1I', 'may-lanh-tcl-inverter-tac-13csd-xab1i', '1.5', 'SP002', 6990000, NULL, 200, 'Mô tả sản phẩm Máy lạnh TCL Inverter TAC-13CSD/XAB1I', NULL, 12, 'active'),
(3, 1, 'Máy lạnh Funiki HIC09TMU.ST3', 'may-lanh-funiki-hic09tmu-st3', '1', 'SP003', 6690000, NULL, 100, 'Mô tả sản phẩm Máy lạnh Funiki HIC09TMU.ST3', NULL, 12, 'active'),
(4, 1, 'Máy lạnh Casper Inverter TC-09IS35', 'may-lanh-casper-inverter-tc-09is35', '1', 'SP004', 6990000, NULL, 200, 'Mô tả sản phẩm Máy lạnh Casper Inverter TC-09IS35', NULL, 12, 'active'),
(5, 1, 'Máy lạnh Midea Inverter MSAGA-13CRDN8', 'may-lanh-midea-inverter-msaga-13crdn8', '1.5', 'SP005', 7990000, NULL, 100, 'Mô tả sản phẩm Máy lạnh Midea Inverter MSAGA-13CRDN8', NULL, 12, 'active'),
(6, 2, 'Máy giặt Sharp ES-Y75HV-S', 'may-giat-sharp-es-y75hv-s', '7.5', 'SP006', 3790000, NULL, 100, 'Mô tả sản phẩm Máy giặt Sharp ES-Y75HV-S', NULL, 12, 'active'),
(7, 2, 'Máy giặt LG AI DD Inverter FV1410S4B', 'may-giat-lg-ai-dd-inverter-fv1410s4b', '10', 'SP007', 11590000, NULL, 100, 'Mô tả sản phẩm Máy giặt LG AI DD Inverter FV1410S4B', NULL, 12, 'active'),
(8, 2, 'Máy giặt LG AI DD Inverter \nFV1410S4P', 'may-giat-lg-ai-dd-inverter-nfv1410s4p', '10', 'SP008', 11490000, NULL, 100, 'Mô tả sản phẩm Máy giặt LG AI DD Inverter \nFV1410S4P', NULL, 12, 'active'),
(9, 2, 'Máy giặt Whirlpool Inverter FWEB8002FW', 'may-giat-whirlpool-inverter-fweb8002fw', '8', 'SP009', 4990000, NULL, 100, 'Mô tả sản phẩm Máy giặt Whirlpool Inverter FWEB8002FW', NULL, 12, 'active'),
(10, 2, 'Máy giặt Samsung Inverter WW10TP44DSB/SV', 'may-giat-samsung-inverter-ww10tp44dsb-sv', '10', 'SP010', 10890000, NULL, 100, 'Mô tả sản phẩm Máy giặt Samsung Inverter WW10TP44DSB/SV', NULL, 12, 'active'),
(11, 3, 'Google Tivi TCL 4K 58P635 ', 'google-tivi-tcl-4k-58p635', '58', 'SP011', 7970000, NULL, 100, 'Mô tả sản phẩm Google Tivi TCL 4K 58P635 ', NULL, 12, 'active'),
(12, 3, 'Smart Tivi QLED 4K Samsung QA55Q65A', 'smart-tivi-qled-4k-samsung-qa55q65a', '55', 'SP012', 11990000, NULL, 100, 'Mô tả sản phẩm Smart Tivi QLED 4K Samsung QA55Q65A', NULL, 12, 'active'),
(13, 4, 'iPhone 15', 'iphone-15', 'Hồng', 'SP013', 22490000, NULL, 100, 'Mô tả sản phẩm iPhone 15', NULL, 12, 'active'),
(14, 4, 'Điện thoại Xiaomi 13T 5G', 'dien-thoai-xiaomi-13t-5g', 'Xanh', 'SP014', 11990000, NULL, 100, 'Mô tả sản phẩm Điện thoại Xiaomi 13T 5G', NULL, 12, 'active'),
(15, 5, 'Laptop Lenovo Ideapad 3 15ITL6 i3 1115G4 (82H803SGVN)', 'laptop-lenovo-ideapad-3-15itl6-i3-1115g4-82h803sgvn', 'Xám', 'SP015', 7990000, NULL, 100, 'Mô tả sản phẩm Laptop Lenovo Ideapad 3 15ITL6 i3 1115G4 (82H803SGVN)', NULL, 12, 'active'),
(16, 5, 'Laptop Acer Gaming Nitro 5 AN515 58 769J i7 12700H (NH.QFHSV.003)', 'laptop-acer-gaming-nitro-5-an515-58-769j-i7-12700h-nh-qfhsv-003', 'Đen', 'SP016', 25490000, NULL, 100, 'Mô tả sản phẩm Laptop Acer Gaming Nitro 5 AN515 58 769J i7 12700H (NH.QFHSV.003)', NULL, 12, 'active'),
(17, 6, 'iPad 9 WiFi 64GB', 'ipad-9-wifi-64gb', 'Bạc-64GB', 'SP017', 7990000, NULL, 100, 'Mô tả sản phẩm iPad 9 WiFi 64GB', NULL, 12, 'active'),
(18, 6, 'iPad Air 5 M1 Wifi Cellular 64GB', 'ipad-air-5-m1-wifi-cellular-64gb', '256GB', 'SP018', 23390000, NULL, 100, 'Mô tả sản phẩm iPad Air 5 M1 Wifi Cellular 64GB', NULL, 12, 'active'),
(19, 7, 'Tủ lạnh Samsung Inverter RF48A4010M9/SV', 'tu-lanh-samsung-inverter-rf48a4010m9-sv', 'Xám', 'SP019', 17690000, NULL, 100, 'Mô tả sản phẩm Tủ lạnh Samsung Inverter RF48A4010M9/SV', NULL, 12, 'active'),
(20, 7, 'Tủ lạnh Toshiba Inverter GR-RF610WE-PGV(22)-XK', 'tu-lanh-toshiba-inverter-gr-rf610we-pgv-22-xk', 'Đen', 'SP020', 19990000, NULL, 100, 'Mô tả sản phẩm Tủ lạnh Toshiba Inverter GR-RF610WE-PGV(22)-XK', NULL, 12, 'active'),
(21, 8, 'Nồi cơm điện tử Philips HD4515/55', 'noi-com-dien-tu-philips-hd4515-55', 'Trắng', 'SP021', 1485000, NULL, 100, 'Mô tả sản phẩm Nồi cơm điện tử Philips HD4515/55', NULL, 12, 'active'),
(22, 8, 'Nồi cơm điện nắp gài BlueStone 1.8 lít RCB-5520', 'noi-com-dien-nap-gai-bluestone-1-8-lit-rcb-5520', 'Vàng', 'SP022', 600000, NULL, 100, 'Mô tả sản phẩm Nồi cơm điện nắp gài BlueStone 1.8 lít RCB-5520', NULL, 12, 'active'),
(23, 9, 'Lò chiên không dầu Ferroli FAF-12M 12 lít', 'lo-chien-khong-dau-ferroli-faf-12m-12-lit', 'Đen', 'SP023', 1590000, NULL, 100, 'Mô tả sản phẩm Lò chiên không dầu Ferroli FAF-12M 12 lít', NULL, 12, 'active'),
(24, 9, 'Nồi chiên không dầu Kangaroo KG42AF1', 'noi-chien-khong-dau-kangaroo-kg42af1', 'Đen', 'SP024', 1290000, NULL, 100, 'Mô tả sản phẩm Nồi chiên không dầu Kangaroo KG42AF1', NULL, 12, 'active'),
(25, 10, 'Bếp từ hồng ngoại lắp âm Pramie 2108', 'bep-tu-hong-ngoai-lap-am-pramie-2108', 'Bếp', 'SP025', 7390000, NULL, 100, 'Mô tả sản phẩm Bếp từ hồng ngoại lắp âm Pramie 2108', NULL, 12, 'active'),
(26, 10, 'Bếp hồng ngoại 3 vùng nấu lắp âm Smeg SE363ETB ', 'bep-hong-ngoai-3-vung-nau-lap-am-smeg-se363etb', 'Đen', 'SP026', 23190000, NULL, 100, 'Mô tả sản phẩm Bếp hồng ngoại 3 vùng nấu lắp âm Smeg SE363ETB ', NULL, 12, 'active'),
(27, 6, 'Máy tính bảng Samsung Galaxy Tab A7 Lite', 'may-tinh-bang-samsung-galaxy-tab-a7-lite', 'Bạc', 'SP027', 3490000, NULL, 100, 'Mô tả sản phẩm Máy tính bảng Samsung Galaxy Tab A7 Lite', NULL, 12, 'active'),
(28, 1, 'Máy lạnh Nagakawa Inverter 1.5 HP NIS-C12R2H10', 'may-lanh-nagakawa-inverter-1-5-hp-nis-c12r2h10', '1.5', 'SP028', 6990000, NULL, 120, 'Mô tả sản phẩm Máy lạnh Nagakawa Inverter 1.5 HP NIS-C12R2H10', NULL, 12, 'active'),
(29, 1, 'Máy lạnh Samsung Inverter 1.5 HP AR13CYHAAWKNSV', 'may-lanh-samsung-inverter-1-5-hp-ar13cyhaawknsv', '1', 'SP029', 9090000, NULL, 50, 'Mô tả sản phẩm Máy lạnh Samsung Inverter 1.5 HP AR13CYHAAWKNSV', NULL, 12, 'active'),
(30, 3, 'Smart Tivi QLED 4K 75 inch Samsung QA75Q80C', 'smart-tivi-qled-4k-75-inch-samsung-qa75q80c', '75', 'SP030', 29290000, NULL, 10, 'Mô tả sản phẩm Smart Tivi QLED 4K 75 inch Samsung QA75Q80C', NULL, 12, 'active'),
(32, 5, 'Laptop Apple MacBook Pro 14 inch M3 Max 2023 14-core CPU/36GB/1TB/30-core GPU ', 'laptop-apple-macbook-pro-14-inch-m3-max-2023-14-core-cpu-36gb-1tb-30-core-gpu', 'Đen', 'SP032', 79990000, NULL, 10, 'Mô tả sản phẩm Laptop Apple MacBook Pro 14 inch M3 Max 2023 14-core CPU/36GB/1TB/30-core GPU ', NULL, 12, 'active'),
(33, 5, 'Laptop Apple MacBook Air 13 inch M1 2020 8-core CPU/8GB/256GB/7-core GPU (MGN63SA/A) ', 'laptop-apple-macbook-air-13-inch-m1-2020-8-core-cpu-8gb-256gb-7-core-gpu-mgn63sa-a', 'Xám', 'SP033', 19490000, NULL, 10, 'Mô tả sản phẩm Laptop Apple MacBook Air 13 inch M1 2020 8-core CPU/8GB/256GB/7-core GPU (MGN63SA/A) ', NULL, 12, 'active'),
(34, 5, 'Laptop HP 15s fq5229TU i3 1215U/8GB/512GB/Win11 (8U237PA) ', 'laptop-hp-15s-fq5229tu-i3-1215u-8gb-512gb-win11-8u237pa', 'Xám', 'SP034', 10890000, NULL, 100, 'Mô tả sản phẩm Laptop HP 15s fq5229TU i3 1215U/8GB/512GB/Win11 (8U237PA) ', NULL, 12, 'active'),
(35, 7, 'Tủ lạnh Samsung Inverter 256 lít RT25M4032BU/SV', 'tu-lanh-samsung-inverter-256-lit-rt25m4032bu-sv', '256', 'SP035', 7190000, NULL, 100, 'Mô tả sản phẩm Tủ lạnh Samsung Inverter 256 lít RT25M4032BU/SV', NULL, 12, 'active'),
(36, 7, 'Tủ lạnh Sharp Inverter 401 lít Multi Door SJ-FXP480VG-CH', 'tu-lanh-sharp-inverter-401-lit-multi-door-sj-fxp480vg-ch', '401', 'SP036', 15680000, NULL, 10, 'Mô tả sản phẩm Tủ lạnh Sharp Inverter 401 lít Multi Door SJ-FXP480VG-CH', NULL, 12, 'active'),
(37, 7, 'Tủ lạnh LG Inverter 519 lít Side By Side GR-B256BL', 'tu-lanh-lg-inverter-519-lit-side-by-side-gr-b256bl', '519', 'SP037', 13990000, NULL, 10, 'Mô tả sản phẩm Tủ lạnh LG Inverter 519 lít Side By Side GR-B256BL', NULL, 12, 'active'),
(38, 9, 'Nồi chiên không dầu Sunhouse SHD4062 6 lít', 'noi-chien-khong-dau-sunhouse-shd4062-6-lit', '6', 'SP038', 1550000, NULL, 100, 'Mô tả sản phẩm Nồi chiên không dầu Sunhouse SHD4062 6 lít', NULL, 12, 'active'),
(39, 9, 'Nồi chiên không dầu Sunhouse SHD4035 9 lít', 'noi-chien-khong-dau-sunhouse-shd4035-9-lit', '9', 'SP039', 1780000, NULL, 20, 'Mô tả sản phẩm Nồi chiên không dầu Sunhouse SHD4035 9 lít', NULL, 12, 'active'),
(40, 9, 'Nồi chiên không dầu BlueStone AFB-5878 5.5 lít ', 'noi-chien-khong-dau-bluestone-afb-5878-5-5-lit', '6.5', 'SP040', 1790000, NULL, 30, 'Mô tả sản phẩm Nồi chiên không dầu BlueStone AFB-5878 5.5 lít ', NULL, 12, 'active'),
(41, 9, 'Nồi chiên không dầu Kangaroo KG52AF1A 5 lít', 'noi-chien-khong-dau-kangaroo-kg52af1a-5-lit', '5', 'SP041', 2086000, NULL, 40, 'Mô tả sản phẩm Nồi chiên không dầu Kangaroo KG52AF1A 5 lít', NULL, 12, 'active'),
(42, 9, 'Nồi chiên không dầu Hafele AF-T5A (535.43.712) 5 lít', 'noi-chien-khong-dau-hafele-af-t5a-535-43-712-5-lit', '5.5', 'SP042', 5590000, NULL, 44, 'Mô tả sản phẩm Nồi chiên không dầu Hafele AF-T5A (535.43.712) 5 lít', NULL, 12, 'active'),
(43, 2, 'Máy giặt Toshiba 7 Kg AW-L805AV', 'may-giat-toshiba-7-kg-aw-l805av', '12Kg', 'SP043', 11900000, NULL, 100, 'Mô tả sản phẩm Máy giặt Toshiba 7 Kg AW-L805AV', NULL, 12, 'active'),
(44, 2, 'Máy giặt Aqua Inverter 8.5 kg AQD-A852J BK', 'may-giat-aqua-inverter-8-5-kg-aqd-a852j-bk', '10Kg', 'SP044', 8900000, NULL, 100, 'Mô tả sản phẩm Máy giặt Aqua Inverter 8.5 kg AQD-A852J BK', NULL, 12, 'active'),
(45, 4, 'Điện thoại OPPO A38', 'dien-thoai-oppo-a38', 'Vàng', 'SP045', 4900000, NULL, 100, 'Mô tả sản phẩm Điện thoại OPPO A38', NULL, 12, 'active'),
(46, 4, 'Điện thoại vivo Y36 128GB', 'dien-thoai-vivo-y36-128gb', 'Xanh', 'SP046', 5690000, NULL, 100, 'Mô tả sản phẩm Điện thoại vivo Y36 128GB', NULL, 12, 'active'),
(47, 4, 'Điện thoại realme C53 (6GB/128GB)', 'dien-thoai-realme-c53-6gb-128gb', 'Vàng', 'SP047', 3890000, NULL, 100, 'Mô tả sản phẩm Điện thoại realme C53 (6GB/128GB)', NULL, 12, 'active'),
(48, 6, 'Samsung Galaxy Tab A9+ 5G', 'samsung-galaxy-tab-a9-5g', 'Xám', 'SP048', 6990000, NULL, 100, 'Mô tả sản phẩm Samsung Galaxy Tab A9+ 5G', NULL, 12, 'active'),
(49, 6, 'Xiaomi Redmi Pad SE 4GB', 'xiaomi-redmi-pad-se-4gb', 'Xanh', 'SP049', 4490000, NULL, 100, 'Mô tả sản phẩm Xiaomi Redmi Pad SE 4GB', NULL, 12, 'active'),
(50, 6, 'iPad Pro M2 12.9 inch WiFi 512GB', 'ipad-pro-m2-12-9-inch-wifi-512gb', 'Trắng', 'SP050', 36490000, NULL, 100, 'Mô tả sản phẩm iPad Pro M2 12.9 inch WiFi 512GB', NULL, 12, 'active'),
(51, 6, 'Lenovo Tab M10 (Gen 3) 3GB/32GB', 'lenovo-tab-m10-gen-3-3gb-32gb', 'Xám', 'SP051', 3490000, NULL, 100, 'Mô tả sản phẩm Lenovo Tab M10 (Gen 3) 3GB/32GB', NULL, 12, 'active'),
(52, 8, 'Nồi cơm điện tử Sharp 1.8 lít KS-COM183MV-WH', 'noi-com-dien-tu-sharp-1-8-lit-ks-com183mv-wh', '1', 'SP052', 690000, NULL, 100, 'Mô tả sản phẩm Nồi cơm điện tử Sharp 1.8 lít KS-COM183MV-WH', NULL, 12, 'active'),
(53, 8, 'Nồi cơm điện tử Sharp 1.8 lít KS-COM194EV-BK', 'noi-com-dien-tu-sharp-1-8-lit-ks-com194ev-bk', '1.8', 'SP053', 1490000, NULL, 100, 'Mô tả sản phẩm Nồi cơm điện tử Sharp 1.8 lít KS-COM194EV-BK', NULL, 12, 'active'),
(54, 8, 'Nồi cơm điện Toshiba', 'noi-com-dien-toshiba', '1.8', 'SP054', 2835000, NULL, 100, 'Mô tả sản phẩm Nồi cơm điện Toshiba', NULL, 12, 'active'),
(55, 10, 'Bếp điện từ đôi BlueStone ICB-6818', 'bep-dien-tu-doi-bluestone-icb-6818', 'Bếp', 'SP055', 2590000, NULL, 50, 'Mô tả sản phẩm Bếp điện từ đôi BlueStone ICB-6818', NULL, 12, 'active'),
(56, 10, 'Bếp từ đôi lắp âm Hafele HC-I2712A (536.61.716)', 'bep-tu-doi-lap-am-hafele-hc-i2712a-536-61-716', 'Bếp', 'SP056', 7490000, NULL, 50, 'Mô tả sản phẩm Bếp từ đôi lắp âm Hafele HC-I2712A (536.61.716)', NULL, 12, 'active'),
(57, 10, 'Bếp từ hồng ngoại lắp âm Kangaroo KG852i', 'bep-tu-hong-ngoai-lap-am-kangaroo-kg852i', 'Bếp', 'SP057', 5190000, NULL, 50, 'Mô tả sản phẩm Bếp từ hồng ngoại lắp âm Kangaroo KG852i', NULL, 12, 'active'),
(58, 3, 'Smart Tivi NanoCell LG 4K 75 inch 75NANO76SQA ', 'smart-tivi-nanocell-lg-4k-75-inch-75nano76sqa', '75', 'SP058', 25890000, NULL, 100, 'Mô tả sản phẩm Smart Tivi NanoCell LG 4K 75 inch 75NANO76SQA ', NULL, 12, 'active');

-- Product Images
INSERT INTO product_images (product_id, image_url, is_main, sort_order) VALUES
(2, '/uploads/products/P2/P2_2.jpg', 1, 0),
(2, '/uploads/products/P2/P2_3.jpg', 0, 1),
(2, '/uploads/products/P2/P2_4.jpg', 0, 2),
(2, '/uploads/products/P2/P2_5.jpg', 0, 3),
(2, '/uploads/products/P2/P2_1.jpg', 0, 4),
(3, '/uploads/products/P3/P3_1.jpg', 1, 0),
(3, '/uploads/products/P3/P3_2.jpg', 0, 1),
(3, '/uploads/products/P3/P3_3.jpg', 0, 2),
(3, '/uploads/products/P3/P3_4.jpg', 0, 3),
(3, '/uploads/products/P3/P3_5.jpg', 0, 4),
(4, '/uploads/products/P4/P4_5.jpg', 1, 0),
(4, '/uploads/products/P4/P4_1.jpg', 0, 1),
(4, '/uploads/products/P4/P4_2.jpg', 0, 2),
(4, '/uploads/products/P4/P4_3.jpg', 0, 3),
(4, '/uploads/products/P4/P4_4.jpg', 0, 4),
(5, '/uploads/products/P5/P5_5.jpg', 1, 0),
(5, '/uploads/products/P5/P5_1.jpg', 0, 1),
(5, '/uploads/products/P5/P5_2.jpg', 0, 2),
(5, '/uploads/products/P5/P5_3.jpg', 0, 3),
(5, '/uploads/products/P5/P5_4.jpg', 0, 4),
(6, '/uploads/products/P6/P6_4.jpg', 1, 0),
(6, '/uploads/products/P6/P6_5.jpg', 0, 1),
(6, '/uploads/products/P6/P6_1.jpg', 0, 2),
(6, '/uploads/products/P6/P6_2.jpg', 0, 3),
(6, '/uploads/products/P6/P6_3.jpg', 0, 4),
(7, '/uploads/products/P7/P7_3.jpg', 1, 0),
(7, '/uploads/products/P7/P7_4.jpg', 0, 1),
(7, '/uploads/products/P7/P7_5.jpg', 0, 2),
(7, '/uploads/products/P7/P7_1.jpg', 0, 3),
(7, '/uploads/products/P7/P7_2.jpg', 0, 4),
(8, '/uploads/products/P8/P8_3.jpg', 1, 0),
(8, '/uploads/products/P8/P8_4.jpg', 0, 1),
(8, '/uploads/products/P8/P8_5.jpg', 0, 2),
(8, '/uploads/products/P8/P8_1.jpg', 0, 3),
(8, '/uploads/products/P8/P8_2.jpg', 0, 4),
(9, '/uploads/products/P9/P9_2.jpg', 1, 0),
(9, '/uploads/products/P9/P9_3.jpg', 0, 1),
(9, '/uploads/products/P9/P9_4.jpg', 0, 2),
(9, '/uploads/products/P9/P9_5.jpg', 0, 3),
(9, '/uploads/products/P9/P9_1.jpg', 0, 4),
(10, '/uploads/products/P10/P10_2.jpg', 1, 0),
(10, '/uploads/products/P10/P10_3.jpg', 0, 1),
(10, '/uploads/products/P10/P10_4.jpg', 0, 2),
(10, '/uploads/products/P10/P10_5.jpg', 0, 3),
(10, '/uploads/products/P10/P10_1.jpg', 0, 4),
(11, '/uploads/products/P11/P11_5.jpg', 1, 0),
(11, '/uploads/products/P11/P11_1.jpg', 0, 1),
(11, '/uploads/products/P11/P11_2.jpg', 0, 2),
(11, '/uploads/products/P11/P11_3.jpg', 0, 3),
(11, '/uploads/products/P11/P11_4.jpg', 0, 4),
(12, '/uploads/products/P12/P12_5.jpg', 1, 0),
(12, '/uploads/products/P12/P12_1.jpg', 0, 1),
(12, '/uploads/products/P12/P12_2.jpg', 0, 2),
(12, '/uploads/products/P12/P12_3.jpg', 0, 3),
(12, '/uploads/products/P12/P12_4.jpg', 0, 4),
(13, '/uploads/products/P13/P13_3.jpg', 1, 0),
(13, '/uploads/products/P13/P13_4.jpg', 0, 1),
(13, '/uploads/products/P13/P13_5.jpg', 0, 2),
(13, '/uploads/products/P13/P13_1.jpg', 0, 3),
(13, '/uploads/products/P13/P13_2.jpg', 0, 4),
(14, '/uploads/products/P14/P14_3.jpg', 1, 0),
(14, '/uploads/products/P14/P14_4.jpg', 0, 1),
(14, '/uploads/products/P14/P14_5.jpg', 0, 2),
(14, '/uploads/products/P14/P14_1.jpg', 0, 3),
(14, '/uploads/products/P14/P14_2.jpg', 0, 4),
(15, '/uploads/products/P15/P15_1.jpg', 1, 0),
(15, '/uploads/products/P15/P15_2.jpg', 0, 1),
(15, '/uploads/products/P15/P15_3.jpg', 0, 2),
(15, '/uploads/products/P15/P15_4.jpg', 0, 3),
(15, '/uploads/products/P15/P15_5.jpg', 0, 4),
(16, '/uploads/products/P16/P16_5.jpg', 1, 0),
(16, '/uploads/products/P16/P16_1.jpg', 0, 1),
(16, '/uploads/products/P16/P16_2.jpg', 0, 2),
(16, '/uploads/products/P16/P16_3.jpg', 0, 3),
(16, '/uploads/products/P16/P16_4.jpg', 0, 4),
(17, '/uploads/products/P17/P17_4.jpg', 1, 0),
(17, '/uploads/products/P17/P17_5.jpg', 0, 1),
(17, '/uploads/products/P17/P17_1.jpg', 0, 2),
(17, '/uploads/products/P17/P17_2.jpg', 0, 3),
(17, '/uploads/products/P17/P17_3.jpg', 0, 4),
(18, '/uploads/products/P18/P18_3.jpg', 1, 0),
(18, '/uploads/products/P18/P18_4.jpg', 0, 1),
(18, '/uploads/products/P18/P18_5.jpg', 0, 2),
(18, '/uploads/products/P18/P18_1.jpg', 0, 3),
(18, '/uploads/products/P18/P18_2.jpg', 0, 4),
(19, '/uploads/products/P19/P19_5.png', 1, 0),
(19, '/uploads/products/P19/P19_1.jpg', 0, 1),
(19, '/uploads/products/P19/P19_2.png', 0, 2),
(19, '/uploads/products/P19/P19_3.png', 0, 3),
(19, '/uploads/products/P19/P19_4.png', 0, 4),
(20, '/uploads/products/P20/P20_5.jpg', 1, 0),
(20, '/uploads/products/P20/P20_1.jpg', 0, 1),
(20, '/uploads/products/P20/P20_2.jpg', 0, 2),
(20, '/uploads/products/P20/P20_3.jpg', 0, 3),
(20, '/uploads/products/P20/P20_4.jpg', 0, 4),
(21, '/uploads/products/P21/P21_3.jpg', 1, 0),
(21, '/uploads/products/P21/P21_4.jpg', 0, 1),
(21, '/uploads/products/P21/P21_5.jpg', 0, 2),
(21, '/uploads/products/P21/P21_1.jpg', 0, 3),
(21, '/uploads/products/P21/P21_2.gif', 0, 4),
(22, '/uploads/products/P22/P22_3.jpg', 1, 0),
(22, '/uploads/products/P22/P22_4.jpg', 0, 1),
(22, '/uploads/products/P22/P22_5.jpg', 0, 2),
(22, '/uploads/products/P22/P22_1.jpg', 0, 3),
(22, '/uploads/products/P22/P22_2.gif', 0, 4),
(23, '/uploads/products/P23/P23_1.jpg', 1, 0),
(23, '/uploads/products/P23/P23_2.jpg', 0, 1),
(23, '/uploads/products/P23/P23_3.gif', 0, 2),
(23, '/uploads/products/P23/P23_4.jpg', 0, 3),
(23, '/uploads/products/P23/P23_5.jpg', 0, 4),
(24, '/uploads/products/P24/P24_5.jpg', 1, 0),
(24, '/uploads/products/P24/P24_1.jpg', 0, 1),
(24, '/uploads/products/P24/P24_2.jpg', 0, 2),
(24, '/uploads/products/P24/P24_3.jpg', 0, 3),
(24, '/uploads/products/P24/P24_4.jpg', 0, 4),
(25, '/uploads/products/P25/P25_3.jpg', 1, 0),
(25, '/uploads/products/P25/P25_4.jpg', 0, 1),
(25, '/uploads/products/P25/P25_5.jpg', 0, 2),
(25, '/uploads/products/P25/P25_1.jpg', 0, 3),
(25, '/uploads/products/P25/P25_2.jpg', 0, 4),
(26, '/uploads/products/P26/P26_2.gif', 1, 0),
(26, '/uploads/products/P26/P26_3.jpg', 0, 1),
(26, '/uploads/products/P26/P26_4.jpg', 0, 2),
(26, '/uploads/products/P26/P26_5.jpg', 0, 3),
(26, '/uploads/products/P26/P26_1.jpg', 0, 4),
(27, '/uploads/products/P27/P27_3.jpg', 1, 0),
(27, '/uploads/products/P27/P27_4.jpg', 0, 1),
(27, '/uploads/products/P27/P27_5.jpg', 0, 2),
(27, '/uploads/products/P27/P27_1.jpg', 0, 3),
(27, '/uploads/products/P27/P27_2.jpg', 0, 4),
(28, '/uploads/products/P28/P28_4.jpg', 1, 0),
(28, '/uploads/products/P28/P28_5.jpg', 0, 1),
(28, '/uploads/products/P28/P28_1.jpg', 0, 2),
(28, '/uploads/products/P28/P28_2.jpg', 0, 3),
(28, '/uploads/products/P28/P28_3.jpg', 0, 4),
(29, '/uploads/products/P29/P29_4.jpg', 1, 0),
(29, '/uploads/products/P29/P29_5.jpg', 0, 1),
(29, '/uploads/products/P29/P29_1.jpg', 0, 2),
(29, '/uploads/products/P29/P29_2.jpg', 0, 3),
(29, '/uploads/products/P29/P29_3.jpg', 0, 4),
(30, '/uploads/products/P30/P30_4.jpg', 1, 0),
(30, '/uploads/products/P30/P30_5.jpg', 0, 1),
(30, '/uploads/products/P30/P30_1.jpg', 0, 2),
(30, '/uploads/products/P30/P30_2.jpg', 0, 3),
(30, '/uploads/products/P30/P30_3.jpg', 0, 4),
(32, '/uploads/products/P32/P32_5.jpg', 1, 0),
(32, '/uploads/products/P32/P32_1.jpg', 0, 1),
(32, '/uploads/products/P32/P32_2.jpg', 0, 2),
(32, '/uploads/products/P32/P32_3.jpg', 0, 3),
(32, '/uploads/products/P32/P32_4.jpg', 0, 4),
(33, '/uploads/products/P33/P33_5.jpg', 1, 0),
(33, '/uploads/products/P33/P33_1.jpg', 0, 1),
(33, '/uploads/products/P33/P33_2.jpg', 0, 2),
(33, '/uploads/products/P33/P33_3.jpg', 0, 3),
(33, '/uploads/products/P33/P33_4.jpg', 0, 4),
(34, '/uploads/products/P34/P34_4.jpg', 1, 0),
(34, '/uploads/products/P34/P34_5.jpg', 0, 1),
(34, '/uploads/products/P34/P34_1.jpg', 0, 2),
(34, '/uploads/products/P34/P34_2.jpg', 0, 3),
(34, '/uploads/products/P34/P34_3.jpg', 0, 4),
(35, '/uploads/products/P35/P35_4.jpg', 1, 0),
(35, '/uploads/products/P35/P35_5.jpg', 0, 1),
(35, '/uploads/products/P35/P35_1.jpg', 0, 2),
(35, '/uploads/products/P35/P35_2.jpg', 0, 3),
(35, '/uploads/products/P35/P35_3.jpg', 0, 4),
(36, '/uploads/products/P36/P36_4.png', 1, 0),
(36, '/uploads/products/P36/P36_5.jpg', 0, 1),
(36, '/uploads/products/P36/P36_1.jpg', 0, 2),
(36, '/uploads/products/P36/P36_2.jpg', 0, 3),
(36, '/uploads/products/P36/P36_3.png', 0, 4),
(37, '/uploads/products/P37/P37_4.jpg', 1, 0),
(37, '/uploads/products/P37/P37_5.jpg', 0, 1),
(37, '/uploads/products/P37/P37_1.jpg', 0, 2),
(37, '/uploads/products/P37/P37_2.jpg', 0, 3),
(37, '/uploads/products/P37/P37_3.jpg', 0, 4),
(38, '/uploads/products/P38/P38_5.jpg', 1, 0),
(38, '/uploads/products/P38/P38_1.jpg', 0, 1),
(38, '/uploads/products/P38/P38_2.jpg', 0, 2),
(38, '/uploads/products/P38/P38_3.jpg', 0, 3),
(38, '/uploads/products/P38/P38_4.jpg', 0, 4),
(39, '/uploads/products/P39/P39_4.jpg', 1, 0),
(39, '/uploads/products/P39/P39_5.jpg', 0, 1),
(39, '/uploads/products/P39/P39_1.jpg', 0, 2),
(39, '/uploads/products/P39/P39_2.jpg', 0, 3),
(39, '/uploads/products/P39/P39_3.jpg', 0, 4),
(40, '/uploads/products/P40/P40_4.jpg', 1, 0),
(40, '/uploads/products/P40/P40_5.jpg', 0, 1),
(40, '/uploads/products/P40/P40_1.jpg', 0, 2),
(40, '/uploads/products/P40/P40_2.jpg', 0, 3),
(40, '/uploads/products/P40/P40_3.jpg', 0, 4),
(41, '/uploads/products/P41/P41_3.jpg', 1, 0),
(41, '/uploads/products/P41/P41_4.jpg', 0, 1),
(41, '/uploads/products/P41/P41_5.jpg', 0, 2),
(41, '/uploads/products/P41/P41_1.jpg', 0, 3),
(41, '/uploads/products/P41/P41_2.jpg', 0, 4),
(42, '/uploads/products/P42/P42_3.jpg', 1, 0),
(42, '/uploads/products/P42/P42_4.jpg', 0, 1),
(42, '/uploads/products/P42/P42_5.jpg', 0, 2),
(42, '/uploads/products/P42/P42_1.jpg', 0, 3),
(42, '/uploads/products/P42/P42_2.jpg', 0, 4),
(43, '/uploads/products/P43/P43_1.jpg', 1, 0),
(43, '/uploads/products/P43/P43_2.jpg', 0, 1),
(43, '/uploads/products/P43/P43_3.jpg', 0, 2),
(43, '/uploads/products/P43/P43_4.jpg', 0, 3),
(43, '/uploads/products/P43/P43_5.jpg', 0, 4),
(44, '/uploads/products/P44/P44_1.jpg', 1, 0),
(44, '/uploads/products/P44/P44_2.jpg', 0, 1),
(44, '/uploads/products/P44/P44_3.jpg', 0, 2),
(44, '/uploads/products/P44/P44_4.jpg', 0, 3),
(44, '/uploads/products/P44/P44_5.jpg', 0, 4),
(45, '/uploads/products/P45/P45_3.jpg', 1, 0),
(45, '/uploads/products/P45/P45_4.jpg', 0, 1),
(45, '/uploads/products/P45/P45_5.jpg', 0, 2),
(45, '/uploads/products/P45/P45_1.jpg', 0, 3),
(45, '/uploads/products/P45/P45_2.jpg', 0, 4),
(46, '/uploads/products/P46/P46_2.jpg', 1, 0),
(46, '/uploads/products/P46/P46_3.jpg', 0, 1),
(46, '/uploads/products/P46/P46_4.jpg', 0, 2),
(46, '/uploads/products/P46/P46_5.jpg', 0, 3),
(46, '/uploads/products/P46/P46_1.jpg', 0, 4),
(47, '/uploads/products/P47/P47_2.jpg', 1, 0),
(47, '/uploads/products/P47/P47_3.jpg', 0, 1),
(47, '/uploads/products/P47/P47_4.jpg', 0, 2),
(47, '/uploads/products/P47/P47_5.jpg', 0, 3),
(47, '/uploads/products/P47/P47_1.jpg', 0, 4),
(48, '/uploads/products/P48/P48_2.jpg', 1, 0),
(48, '/uploads/products/P48/P48_3.jpg', 0, 1),
(48, '/uploads/products/P48/P48_4.jpg', 0, 2),
(48, '/uploads/products/P48/P48_5.jpg', 0, 3),
(48, '/uploads/products/P48/P48_1.jpg', 0, 4),
(49, '/uploads/products/P49/P49_2.jpg', 1, 0),
(49, '/uploads/products/P49/P49_3.jpg', 0, 1),
(49, '/uploads/products/P49/P49_4.jpg', 0, 2),
(49, '/uploads/products/P49/P49_5.jpg', 0, 3),
(49, '/uploads/products/P49/P49_1.jpg', 0, 4),
(50, '/uploads/products/P50/P50_2.jpg', 1, 0),
(50, '/uploads/products/P50/P50_3.jpg', 0, 1),
(50, '/uploads/products/P50/P50_4.jpg', 0, 2),
(50, '/uploads/products/P50/P50_5.jpg', 0, 3),
(50, '/uploads/products/P50/P50_1.jpg', 0, 4),
(51, '/uploads/products/P51/P51_1.jpg', 1, 0),
(51, '/uploads/products/P51/P51_2.jpg', 0, 1),
(51, '/uploads/products/P51/P51_3.jpg', 0, 2),
(51, '/uploads/products/P51/P51_4.jpg', 0, 3),
(51, '/uploads/products/P51/P51_5.jpg', 0, 4),
(52, '/uploads/products/P52/P52_2.jpg', 1, 0),
(52, '/uploads/products/P52/P52_3.jpg', 0, 1),
(52, '/uploads/products/P52/P52_4.jpg', 0, 2),
(52, '/uploads/products/P52/P52_5.jpg', 0, 3),
(52, '/uploads/products/P52/P52_1.jpg', 0, 4),
(53, '/uploads/products/P53/P53_2.jpg', 1, 0),
(53, '/uploads/products/P53/P53_3.jpg', 0, 1),
(53, '/uploads/products/P53/P53_4.jpg', 0, 2),
(53, '/uploads/products/P53/P53_5.jpg', 0, 3),
(53, '/uploads/products/P53/P53_1.jpg', 0, 4),
(54, '/uploads/products/P54/P54_1.jpg', 1, 0),
(54, '/uploads/products/P54/P54_2.jpg', 0, 1),
(54, '/uploads/products/P54/P54_3.jpg', 0, 2),
(54, '/uploads/products/P54/P54_4.jpg', 0, 3),
(54, '/uploads/products/P54/P54_5.jpg', 0, 4),
(55, '/uploads/products/P55/P55_2.jpg', 1, 0),
(55, '/uploads/products/P55/P55_3.jpg', 0, 1),
(55, '/uploads/products/P55/P55_4.jpg', 0, 2),
(55, '/uploads/products/P55/P55_5.jpg', 0, 3),
(55, '/uploads/products/P55/P55_1.jpg', 0, 4),
(56, '/uploads/products/P56/P56_1.jpg', 1, 0),
(56, '/uploads/products/P56/P56_2.jpg', 0, 1),
(56, '/uploads/products/P56/P56_3.jpg', 0, 2),
(56, '/uploads/products/P56/P56_4.jpg', 0, 3),
(56, '/uploads/products/P56/P56_5.jpg', 0, 4),
(57, '/uploads/products/P57/P57_5.jpg', 1, 0),
(57, '/uploads/products/P57/P57_1.jpg', 0, 1),
(57, '/uploads/products/P57/P57_2.jpg', 0, 2),
(57, '/uploads/products/P57/P57_3.jpg', 0, 3),
(57, '/uploads/products/P57/P57_4.jpg', 0, 4),
(58, '/uploads/products/P58/P58_3.gif', 1, 0),
(58, '/uploads/products/P58/P58_4.jpg', 0, 1),
(58, '/uploads/products/P58/P58_5.gif', 0, 2),
(58, '/uploads/products/P58/P58_1.jpg', 0, 3),
(58, '/uploads/products/P58/P58_2.gif', 0, 4);
